﻿pos_x,pos_y,rotation,side,designator,mpn,pack,value,mount_type,place
47.45,-50.03,-90.0,top,C1,GCM155C71A105KE38D,C_0402_1005Metric,1uF,smt,True
48.65,-53.25,180.0,bottom,C2,,C_0402_1005Metric,1uF,smt,True
53.3,-48.4,45.0,bottom,C3,,C_0402_1005Metric,1uF,smt,True
45.45,-48.8,0.0,top,J1,,FFC_0.5mm_6p,Conn_01x06_Pin,tht,True
48.75,-45.8,90.0,top,J2,,FFC_0.5mm_6p,Conn_01x06_Pin,tht,True
50.168148,-55.467638,105.0,top,J3,,FFC_0.5mm_6p,Conn_01x06_Pin,tht,True
55.573524,-50.142593,-15.0,top,J4,,FFC_0.5mm_6p,Conn_01x06_Pin,tht,True
50.25,-46.7,0.0,bottom,J5,,JST_SM02B-SRSS-TB(LF)(SN),JST_SM02B-SRSS-TB(LF)(SN),smt,True
45.6,-50.75,0.0,bottom,J6,,FFC_0.5mm_6p,Conn_01x06_Pin,tht,True
55.658819,-50.234074,165.0,bottom,J7,,FFC_0.5mm_6p,Conn_01x06_Pin,tht,True
50.251111,-55.688229,-75.0,bottom,J8,,FFC_0.5mm_6p,Conn_01x06_Pin,tht,True
55.45,-46.6,-60.0,bottom,TP1,,TestPoint_Pad_Rect,TestPoint,tht,False
45.45,-52.75,-90.0,bottom,TP2,,TestPoint_Pad_Rect,TestPoint,tht,False
45.45,-51.75,-90.0,bottom,TP3,,TestPoint_Pad_Rect,TestPoint,tht,False
50.0,-50.0,0.0,top,U1,,MA702GQ-P,MA702GQ-P,smt,True
51.4,-51.65,-90.0,bottom,U2,,ST_UFQFPN-20_3x3mm_P0.5mm,STM32L011F4Ux,smt,True
48.3,-50.1,90.0,bottom,U3,,THVD1420DRLR_SOT-585,THVD1420DRLR,smt,True
